id,home_team,away_team
1621ag8,navy,notredame
1622qd6,northalabama,mercer
1625rls,jacksonvillestate,utep
162828r,newmexicostate,umass
16282a0,sandiegostate,ohio
16282b5,albany,fordham
1628te6,southcarolinastate,jacksonstate
1628tfe,vanderbilt,hawaii
1629jdu,usc,sanjosestate
162ay3p,louisianatech,fiu
166b2v4,ucla,coastalcarolina
166mw7c,charlestonsouthern,northgreenville-sheet2-row07-col04
166mw8w,moreheadstate,westvirginiastate-sheet2-row09-col09
166mwaf,indianastate,easternillinois
166ohg3,georgiastate,rhodeisland
166ohhd,nicholls,sacramentostate
166ohjg,stonybrook,delaware
166ohlf,kennesawstate,tusculum-sheet2-row16-col10
166ohmq,westernmichigan,stfrancis
166ov1y,wakeforest,elon
166ov2x,ucf,kentstate
166ov47,campbell,williammary
166ov50,furman,tennesseetech
166pd46,connecticut,ncstate
166pd51,youngstownstate,valparaiso
166pzdt,utah,florida
166pzeu,minnesota,nebraska
166pzg1,tulsa,uapb
166pzh7,uab,northcarolinaat
166pzic,lamar,idaho
166pzjo,abilenechristian,northerncolorado
166pzlo,lindenwood,wisconsinstevenspoint-sheet3-row30-col06
166pzmw,missouri,southdakota
166pznw,southdakotastate,westernoregon-sheet2-row08-col09
166q24z,texasamcommerce,ucdavis
166q6id,weberstate,centralwashington-sheet2-row08-col02
166svcz,arizonastate,southernutah
166u6o5,samford,shorter-sheet2-row07-col05
167jpha,easternmichigan,howard
167kgks,michiganstate,centralmichigan
167kgm7,miami,miamioh
167l7hn,louisville,georgiatech
167lxjl,kansas,missouristate
167pwk2,hawaii,stanford
1684oqg,michigan,ecu
1684ork,virginia,tennessee
1684osx,tcu,colorado
1684oub,oklahoma,arkansasstate
1684ovh,iowa,utahstate
1684owx,kentucky,ballstate
1684ozl,purdue,fresnostate
1684p18,smu,louisianatech
1684p2r,bostoncollege,northernillinois
1684p3t,ohio,liu
1684p4u,duquesne,edinboro-sheet2-row13-col05
1684p61,lehigh,villanova
1685f72,georgetown,marist
16865qj,airforce,robertmorris
16865s6,arkansas,westerncarolina
16865t8,delawarestate,bowiestate-sheet2-row02-col02
16865uu,illinoisstate,dayton
16865w8,stonehill,newhampshire
1686wlo,vmi,davidson
1687nwk,olemiss,mercer
1687ny1,jacksonvillestate,easttennesseestate
1687nzt,iowastate,northerniowa
1687o1i,temple,akron
1687o2r,norfolkstate,virginiastate-sheet2-row02-col10
1687o3y,holycross,merrimack
1687o59,montana,butler
1687o5x,stthomasmn,blackhillsstate-sheet2-row14-col02
16896g6,oregon,portlandstate
16896h2,grambling,hampton
1689xu6,indiana,ohiostate
1689xvd,washington,boisestate
1689xwn,texas,rice
1689xxi,notredame,tennesseestate
1689xyu,wisconsin,buffalo
1689y0d,auburn,umass
1689y1m,maryland,towson
1689y2u,wku,usf
1689y4f,pittsburgh,wofford
1689y5n,cincinnati,easternkentucky
1689y78,appalachianstate,gardnerwebb
1689y8d,easternwashington,northdakotastate
168aoyc,mississippistate,southeasternlouisiana
168aozh,northtexas,california
168ap0u,syracuse,colgate
168ap2s,unlv,bryant
168ap4i,nccu,winstonsalemstate-sheet2-row02-col12
168ap5j,centralstate-sheet2-row15-col04,mvsu
168ap6x,northdakota,drake
168dp3a,georgia,utmartin
168dp4f,charlotte,southcarolinastate
168dp5l,fau,monmouth
168dp6n,georgiasouthern,citadel
168dp82,jamesmadison,bucknell
168dp9s,marshall,albany
168dpb6,richmond,morganstate
168dpcj,ccsu,americaninternational-sheet2-row11-col01
168dpdp,sacredheart,lafayette
168dpf4,fordham,wagner
168dpgd,alabamastate,southern
168dph6,calpoly,sandiego
168dpi9,stetson,stthomasfl-sheet4-row11-col05
168egbr,usc,nevada
168egcz,fiu,maine
168f6nt,kansasstate,southeastmissouri
168f6p8,texasam,newmexico
168f6qk,ulm,army
168f6rt,vanderbilt,alabamaam
168f6t4,coloradostate,washingtonstate
168f6us,baylor,texasstate
168f6vx,houston,utsa
168f6x1,oklahomastate,centralarkansas
168f6y3,memphis,bethunecookman
168f6zr,southernmiss,alcornstate
168f71b,troy,stephenfaustin
168f725,southernillinois,austinpeay
168f73g,northalabama,chattanooga
168f751,houstonbaptist,arkansasbaptist-sheet4-row10-col01
168f76d,murraystate,presbyterian
168fx6x,alabama,middletennessee
168fx8i,pennstate,westvirginia
168fx9s,northcarolina,southcarolina
168fxb4,illinois,toledo
168fxcn,wyoming,texastech
168gmns,tulane,southalabama
168gmpf,virginiatech,olddominion
168gmqs,texassouthern,prairieviewam
168gmsj,mcneese,tarletonstate
168gmtl,montanastate,utahtech
168hcr6,louisiana,northwesternstate
168i0rs,newmexicostate,westernillinois
168i0ss,utep,incarnateword
168jbmr,arizona,northernarizona
168jn05,byu,samhoustonstate
168jxt0,ucla,coastalcarolina
168jxub,sandiegostate,idahostate
168z6sg,rutgers,northwestern
1693ll6,jacksonstate,floridaam
1694dym,sanjosestate,oregonstate
169aftq,lsu,floridastate
16a716p,duke,clemson
16bp1ey,kansas,illinois
16bptu8,iowastate,iowa
16cspbp,louisville,murraystate
16dnn4k,indiana,indianastate
16dnn61,rhodeisland,stonybrook
16dnn7i,davidson,barton-sheet2-row16-col01
16doerv,kansas,illinois
16e6huq,wakeforest,vanderbilt
16e7uty,georgia,ballstate
16e7uv7,ohiostate,youngstownstate
16e7uwk,ncstate,notredame
16e7uxq,baylor,utah
16e7uzb,kansasstate,troy
16e7v0n,army,delawarestate
16e7v1g,colorado,nebraska
16e7v2e,virginiatech,purdue
16e7v3x,bostoncollege,holycross
16e7v55,virginia,jamesmadison
16e7v7f,pennstate,delaware
16e83mx,ccsu,stonehill
16e8l4k,georgetown,sacredheart
16e9azp,georgiatech,southcarolinastate
16e9b0x,dayton,centralstate-sheet2-row15-col04
16e9b2a,presbyterian,virginialynchburg-sheet4-row31-col19
16e9b3n,butler,taylor-sheet4-row08-col14
16ea16q,centralmichigan,newhampshire
16ear8x,bowlinggreen,easternillinois
16eara6,southdakota,stthomasmn
16eb4h6,clemson,charlestonsouthern
16ebhj3,westerncarolina,samford
16ebqc2,georgiatech,southcarolinastate
16ec7rw,kentucky,easternkentucky
16ec7tr,byu,southernutah
16ec7v4,citadel,campbell
16ec7wg,bucknell,vmi
16ecyqt,tulane,olemiss
16ecys3,miami,texasam
16ecyt5,iowastate,iowa
16ecyu5,michiganstate,richmond
16ecyve,northwestern,utep
16ecyww,syracuse,westernmichigan
16ecyxx,umass,miamioh
16ecyzj,utsa,texasstate
16ecz13,navy,wagner
16ecz2g,northernillinois,southernillinois
16ecz3h,toledo,texassouthern
16ecz4t,northdakotastate,maine
16ecz62,michigan,unlv
16edpbx,arkansas,kentstate
16edpdf,ecu,marshall
16edpen,sanjosestate,calpoly
16edpfk,wyoming,portlandstate
16edph2,bethunecookman,savannahstate-sheet2-row15-col12
16edpik,northdakota,northernarizona
16edpju,northerncolorado,incarnateword
16edpla,sandiego,coloradomesa-sheet2-row14-col04
16edpm8,merrimack,lehigh
16edpnf,westernillinois,illinoisstate
16ef5qm,washington,tulsa
16ef5rx,tennessee,austinpeay
16ef5t5,northerniowa,weberstate
16ef5ue,southalabama,southeasternlouisiana
16efirg,northcarolina,appalachianstate
16efw5h,easttennesseestate,carsonnewman-sheet2-row16-col02
16egmpb,oklahoma,smu
16egmqn,liberty,newmexicostate
16egmrq,duke,lafayette
16egmsf,westvirginia,duquesne
16egmtk,georgiasouthern,uab
16egmuu,fau,ohio
16egmw3,olddominion,louisiana
16egmyu,buffalo,fordham
16egn06,hampton,norfolkstate
16egn0p,hampton,norfolkstate
16egn1r,bryant,liu
16egn2q,robertmorris,stfrancis
16egn40,alabamastate,milescollege-sheet2-row15-col10
16egn5c,gardnerwebb,elon
16egn6e,indianawesleyan-sheet4-row08-col02,valparaiso
16egn7c,towson,monmouth
16egn8o,chattanooga,kennesawstate
16egn9t,villanova,colgate
16egnbj,williammary,wofford
16eheiq,fiu,northtexas
16ehek1,pittsburgh,cincinnati
16ei5hq,alabama,texas
16ei5j7,texastech,oregon
16ei5kb,coastalcarolina,jacksonvillestate
16ei5lh,georgiastate,connecticut
16ei5mt,louisianatech,northwesternstate
16ei5o7,missouri,middletennessee
16ei5pf,wku,houstonbaptist
16ei5qt,boisestate,ucf
16ei5s1,rice,houston
16ei5tf,usf,floridaam
16ei5uc,arkansasstate,memphis
16ei5vg,nevada,idaho
16ei5wr,howard,morehouse-sheet2-row15-col11
16ei5y6,northcarolinaat,nccu
16ei5zf,alabamaam,lane-sheet2-row15-col09
16ei616,stephenfaustin,alcornstate
16ei629,uapb,tennesseestate
16ei63e,southern,jacksonstate
16ei64q,prairieviewam,abilenechristian
16ei65p,centralarkansas,texascollege-sheet4-row10-col07
16ei66r,tarletonstate,northalabama
16ei67p,southdakotastate,montanastate
16ei68v,utmartin,missouristate
16ei69t,southeastmissouri,lindenwood
16ei6b1,drake,northwesternia-sheet4-row04-col11
16ei6c5,mercer,moreheadstate
16ei6do,stetson,webberinternational-sheet4-row11-col08
16eiux6,texastech,oregon
16eiwkm,lsu,grambling
16eiwlx,washingtonstate,wisconsin
16eiwn1,florida,mcneese
16eiwok,maryland,charlotte
16eiwq4,mississippistate,arizona
16eiwrx,rutgers,temple
16eiwte,southcarolina,furman
16eiwuw,sandiegostate,ucla
16eiww4,minnesota,easternmichigan
16ejngu,tcu,nicholls
16ejni4,airforce,samhoustonstate
16ejnjd,newmexico,tennesseetech
16ejnkc,utahstate,idahostate
16ejnm5,ulm,lamar
16ekdib,floridastate,southernmiss
16el36u,oregonstate,ucdavis
16el38g,fresnostate,easternwashington
16el3a2,utahtech,montana
16emg20,sacramentostate,texasamcommerce
16en3nh,usc,stanford
16en3ol,california,auburn
16en3pq,arizonastate,oklahomastate
16eoyam,hawaii,albany
16iw2ur,miami,bethunecookman
16iw2vw,memphis,navy
16jphwp,maine,rhodeisland
16jq8ru,maryland,virginia
16jq8tf,utsa,army
16jrobi,airforce,utahstate
16k9mzz,mississippistate,lsu
16k9n1a,illinois,pennstate
16k9n25,bostoncollege,floridastate
16k9n3l,missouri,kansasstate
16k9n4r,wisconsin,georgiasouthern
16k9n5y,buffalo,liberty
16k9n6x,louisville,indiana
16k9n89,olddominion,wakeforest
16k9n9c,baylor,liu
16k9nah,ohio,iowastate
16k9nbj,kentstate,ccsu
16k9nci,boisestate,northdakota
16k9ndd,yale,holycross
16k9ndx,lehigh,cornell
16kb0z4,monmouth,campbell
16kb10b,harvard,stthomasmn
16kb11c,marist,davidson
16kb12q,dayton,taylor-sheet4-row08-col14
16kb140,colgate,pennsylvania
16kceqi,utah,weberstate
16kceru,ncstate,vmi
16kcesw,easternmichigan,umass
16kcety,temple,norfolkstate
16kceux,ballstate,indianastate
16kceyj,youngstownstate,robertmorris
16kd3yk,notredame,centralmichigan
16kdsdq,easternillinois,illinoisstate
16kdseo,grambling,floridamemorial-sheet4-row11-col02
16kdsfw,montanastate,stetson
16keh7j,georgia,southcarolina
16keh8t,usf,alabama
16keh9k,oregonstate,sandiegostate
16kehak,tulsa,oklahoma
16kehbn,northcarolina,minnesota
16kehcu,iowa,westernmichigan
16kehe2,duke,northwestern
16kehex,rutgers,virginiatech
16kehg4,connecticut,fiu
16kehhn,appalachianstate,ecu
16kehm3,northdakotastate,centralarkansas
16kehn5,drake,southdakotastate
16kf5x5,ohiostate,wku
16kf5y8,texasam,ulm
16kf5zb,southernmiss,tulane
16kf5zz,california,idaho
16kf65r,portlandstate,northamerican-sheet4-row12-col01
16kf672,charlestonsouthern,williammary
16kf67s,sandiego,princeton
16kfcsr,georgetown,stonehill
16kfctj,lafayette,columbia
16kfcua,sacredheart,wagner
16kfcv0,southdakota,lamar
16kfcvm,hampton,howard
16kfcwn,richmond,delawarestate
16kfcxb,northernarizona,utahtech
16kfcyg,easternwashington,southeasternlouisiana
16kfcza,bryant,brown
16kgis7,michiganstate,washington
16kgit2,ucla,nccu
16kgiua,washingtonstate,northerncolorado
16kgiv7,kennesawstate,furman
16kgiw0,uapb,milescollege-sheet2-row15-col10
16khwvc,charlotte,georgiastate
16khwwl,morganstate,towson
16khwxg,delaware,stfrancis
16khwyo,floridaam,uwf-sheet2-row07-col08
16khwzl,easternkentucky,westerncarolina
16khx0w,idahostate,northerniowa
16khx25,newhampshire,dartmouth
16khx2z,elon,northcarolinaat
16khx4f,tennesseestate,gardnerwebb
16khx5a,wofford,presbyterian
16khx6j,chattanooga,citadel
16khx7d,butler,wabash-sheet3-row21-col07
16khx8a,merrimack,virginialynchburg-sheet4-row31-col19
16kin4q,ucf,villanova
16kjdlb,florida,tennessee
16kjdmo,auburn,samford
16kjdo0,louisianatech,northtexas
16kjdpa,middletennessee,murraystate
16kjdqm,nebraska,northernillinois
16kjdrs,unlv,vanderbilt
16kjdsp,cincinnati,miamioh
16kjdth,oklahomastate,southalabama
16kjduj,texastech,tarletonstate
16kjdvj,uab,louisiana
16kjdwn,smu,prairieviewam
16kjdy0,rice,texassouthern
16kjdz4,coastalcarolina,duquesne
16kje0f,arkansasstate,stonybrook
16kje1a,troy,jamesmadison
16kje2l,toledo,sanjosestate
16kje3f,southern,alabamaam
16kje4g,deltastate-sheet2-row07-col02,mvsu
16kje5r,austinpeay,easttennesseestate
16kje6w,tennesseetech,northalabama
16kje7q,utmartin,houstonbaptist
16kje8t,alcornstate,mcneese
16kjea2,northwesternstate,stephenfaustin
16kjeb3,southeastmissouri,southernillinois
16kjec1,westernillinois,lindenwood
16kk406,michigan,bowlinggreen
16kk41j,olemiss,georgiatech
16kk42t,arkansas,byu
16kk441,kentucky,akron
16kk458,purdue,syracuse
16kk467,westvirginia,pittsburgh
16kktjv,clemson,fau
16kktkx,texas,wyoming
16kktm7,oregon,hawaii
16kktnu,houston,tcu
16kktp5,newmexico,newmexicostate
16kktpz,stanford,sacramentostate
16kktr8,calpoly,lincolnca-sheet4-row31-col12
16kktsw,montana,ferrisstate-sheet2-row03-col02
16kktty,abilenechristian,incarnateword
16klj1f,texasstate,jacksonstate
16knfug,colorado,coloradostate
16knfvn,ucdavis,southernutah
16ko1lm,arizonastate,fresnostate
16ko1na,nevada,kansas
16komrk,arizona,utep
16otiwy,coastalcarolina,georgiastate
16otiyc,alabamaam,uapb
16pms5i,purdue,wisconsin
16pms6h,harvard,brown
16pnixi,virginia,ncstate
16prg48,sandiegostate,boisestate
16prg5j,sanjosestate,airforce
16q6omx,clemson,floridastate
16q6oo2,tcu,smu
16q6opo,cincinnati,oklahoma
16q6oqs,texasam,auburn
16q6ose,syracuse,army
16q6otf,vanderbilt,kentucky
16q6oum,marshall,virginiatech
16q6ovi,northernillinois,tulsa
16q6owk,michigan,rutgers
16q6oxr,troy,wku
16q6oys,stfrancis,sacredheart
16q6p01,yale,cornell
16q6p18,stetson,butler
16q6p2s,princeton,bryant
16q7eti,columbia,georgetown
16q84e9,fordham,stonehill
16q84f8,illinoisstate,lindenwood
16q84g7,valparaiso,marist
16q84hi,furman,mercer
16q8tiy,toledo,westernmichigan
16q8tjv,vmi,wofford
16q8tkw,dartmouth,lehigh
16q9ipt,ballstate,georgiasouthern
16q9iqz,holycross,colgate
16q9isa,stthomasmn,moreheadstate
16q9it6,villanova,rhodeisland
16qa8ev,westerncarolina,charlestonsouthern
16qaxg4,mvsu,nccu
16qaxh7,grambling,texassouthern
16qaxik,missouristate,utahtech
16qaxjz,easternillinois,mcneese
16qaxky,robertmorris,virginialynchburg-sheet4-row31-col19
16qaxly,samford,chattanooga
16qbmww,alabama,olemiss
16qbmxz,utah,ucla
16qbmz1,oregon,colorado
16qbn0g,illinois,fau
16qbn1t,nebraska,louisianatech
16qbn2r,louisville,bostoncollege
16qbn3e,temple,miami
16qbn4f,kansas,byu
16qbn5d,westvirginia,texastech
16qbn6k,michiganstate,maryland
16qbn7j,connecticut,duke
16qbn8h,umass,newmexico
16qbn9e,olddominion,texasamcommerce
16qbnar,bowlinggreen,ohio
16qbnbp,miamioh,delawarestate
16qbncs,bucknell,pennsylvania
16qbndt,lafayette,monmouth
16qbnek,williammary,maine
16qbnfh,stonybrook,richmond
16qcc3w,tennessee,utsa
16qcc5c,iowastate,oklahomastate
16qcc6b,usf,rice
16qcc7e,towson,norfolkstate
16qcc8g,wagner,merrimack
16qcc9h,portlandstate,calpoly
16qccad,idaho,sacramentostate
16qccbl,northernarizona,montana
16qdq0y,southalabama,centralmichigan
16qdq26,jacksonvillestate,easternmichigan
16qdq2z,sandiego,dayton
16qf4uh,ecu,gardnerwebb
16qf4vq,morganstate,albany
16qf4ww,southcarolinastate,citadel
16qf4ya,floridaam,alabamastate
16qf4z7,easternkentucky,southeastmissouri
16qf50p,idahostate,northerncolorado
16qf51p,campbell,elon
16qf52u,delaware,newhampshire
16qfuhg,wakeforest,georgiatech
16qfuiq,fiu,liberty
16qgjn2,lsu,arkansas
16qgjo5,washingtonstate,oregonstate
16qgjoz,tulane,nicholls
16qgjpy,stanford,arizona
16qgjr2,florida,charlotte
16qgjs7,houston,samhoustonstate
16qgjt9,middletennessee,coloradostate
16qgju6,wyoming,appalachianstate
16qgjv8,arkansasstate,southernmiss
16qgjw0,texasstate,nevada
16qgjx1,jacksonstate,bethunecookman
16qgjy1,southeasternlouisiana,houstonbaptist
16qgjz3,alcornstate,prairieviewam
16qgk0m,stephenfaustin,austinpeay
16qgk1k,centralarkansas,abilenechristian
16qgk2x,northalabama,utmartin
16qgk3r,tarletonstate,southwestbaptist-sheet2-row04-col05
16qgk4z,lamar,lincolnca-sheet4-row31-col12
16qgk65,davidson,standrewsnc-sheet4-row02-col06
16qgk7c,tennesseetech,kennesawstate
16qgk8s,incarnateword,northamerican-sheet4-row12-col01
16qh898,georgia,uab
16qh8am,baylor,texas
16qh8bv,indiana,akron
16qh8cr,memphis,missouri
16qh8dy,northwestern,minnesota
16qh8ez,southcarolina,mississippistate
16qh8fz,louisiana,buffalo
16qh8h1,notredame,ohiostate
16qh8i7,pennstate,iowa
16qhwes,kansasstate,ucf
16qhwft,pittsburgh,northcarolina
16qhwh1,utahstate,jamesmadison
16qhwhz,southernutah,westernillinois
16qhwj0,weberstate,montanastate
16qj720,utep,unlv
16qkf6y,ucdavis,easternwashington
16ql0u1,arizonastate,usc
16ql0uy,washington,california
16ql0w5,fresnostate,kentstate
16qmr42,hawaii,newmexicostate
16utw04,wku,middletennessee
16utw10,tulsa,temple
16uunik,samhoustonstate,jacksonvillestate
16vornr,ncstate,louisville
16vorp7,princeton,columbia
16vrr41,oregonstate,utah
16vrr50,utep,louisianatech
16vtigq,byu,cincinnati
16w91ub,colorado,usc
16w91v4,northwestern,pennstate
16w91w6,syracuse,clemson
16w91xa,texasam,arkansas
16w91y3,tulane,uab
16w91zf,kentucky,florida
16w920r,jamesmadison,southalabama
16w921o,akron,buffalo
16w922m,minnesota,louisiana
16w923m,connecticut,utahstate
16w924d,robertmorris,howard
16w925j,yale,morganstate
16w926k,brown,ccsu
16w927v,liu,duquesne
16w928t,davidson,sandiego
16waiye,marist,stetson
16waiza,delawarestate,virginialynchburg-sheet4-row31-col19
16waj0o,sacredheart,merrimack
16waj1s,stonehill,stfrancis
16waj2m,monmouth,lehigh
16waj3o,pennsylvania,dartmouth
16waj4l,rhodeisland,bryant
16waj5s,dayton,stthomasmn
16waj6w,butler,presbyterian
16waj81,samford,easttennesseestate
16wb8so,centralmichigan,easternmichigan
16wbxrj,bostoncollege,virginia
16wbxsn,georgetown,fordham
16wbxtf,moreheadstate,drake
16wbxu7,norfolkstate,northcarolinaat
16wbxv9,lindenwood,austinpeay
16wbxvz,cornell,colgate
16wbxx1,northdakotastate,southdakota
16wbxy0,northerniowa,youngstownstate
16wbxzf,elon,williammary
16wby0m,richmond,hampton
16wby1m,valparaiso,southwestminnesotastate-sheet2-row12-col11
16wby2t,citadel,westerncarolina
16wcnyh,kentstate,miamioh
16wddvm,california,arizonastate
16wddwr,alabamaam,tuskegee-sheet2-row15-col13
16wddxi,texassouthern,lincolnca-sheet4-row31-col12
16wddyp,northerncolorado,weberstate
16wddzx,southdakotastate,northdakota
16wde13,newhampshire,towson
16we4hf,auburn,georgia
16we4il,nebraska,michigan
16we4jg,texas,kansas
16we4kk,maryland,indiana
16we4lx,purdue,illinois
16we4my,rutgers,wagner
16we4nt,georgiatech,bowlinggreen
16we4ox,texastech,houston
16we4pu,ucf,baylor
16we4qs,marshall,olddominion
16we4sc,westernmichigan,ballstate
16we4te,umass,arkansasstate
16we4ug,navy,usf
16we4vq,toledo,northernillinois
16we4wx,lafayette,bucknell
16we4y2,maine,stonybrook
16we4z9,albany,villanova
16weudo,vanderbilt,missouri
16weuex,memphis,boisestate
16weug6,unlv,hawaii
16weuh7,wyoming,newmexico
16weuja,nccu,campbell
16weukx,southeasternlouisiana,tarletonstate
16weulq,easternwashington,idaho
16weumz,montana,idahostate
16weuol,montanastate,portlandstate
16weupv,mercer,vmi
16wg9wv,harvard,holycross
16wg9xx,southernillinois,missouristate
16wg9yu,uapb,southern
16whq5d,olemiss,lsu
16whq6w,alabamastate,alcornstate
16whq81,charlestonsouthern,kennesawstate
16whq94,wofford,chattanooga
16wigvv,stanford,oregon
16wj7oa,oklahoma,iowastate
16wj7pg,rice,ecu
16wj7r1,northtexas,abilenechristian
16wj7sa,georgiastate,troy
16wj7tt,southernmiss,texasstate
16wj7v8,georgiasouthern,coastalcarolina
16wj7wa,coloradostate,utahtech
16wj7xb,mvsu,floridaam
16wj7yo,grambling,prairieviewam
16wj804,northalabama,easternkentucky
16wj817,murraystate,indianastate
16wj82a,houstonbaptist,lamar
16wj836,northwesternstate,easternillinois
16wj84a,stephenfaustin,texasamcommerce
16wj85k,utmartin,tennesseestate
16wjz00,tennessee,southcarolina
16wjz1a,duke,notredame
16wjz2e,iowa,michiganstate
16wjz38,smu,charlotte
16wkoxx,tcu,westvirginia
16wkoz8,virginiatech,pittsburgh
16wkp0d,ulm,appalachianstate
16wkp1p,airforce,sandiegostate
16wkp2z,southernutah,centralarkansas
16wkp40,calpoly,ucdavis
16wkp5k,mcneese,nicholls
16wm3bf,mississippistate,alabama
16wm3c6,sacramentostate,northernarizona
16wnezr,arizona,washington
16wo24u,fresnostate,nevada
16zv4ia,clemson,wakeforest
1701kq3,middletennessee,jacksonvillestate
1702ztw,newmexicostate,fiu
170ur2u,liberty,samhoustonstate
170w8yo,louisianatech,wku
171p32f,harvard,cornell
171pswl,oklahomastate,kansasstate
171qilp,illinois,nebraska
1728e91,ohiostate,maryland
1728e9y,missouri,lsu
1728eb3,oklahoma,texas
1728ec3,wisconsin,rutgers
1728ecr,mississippistate,westernmichigan
1728edi,virginia,williammary
1728eei,army,bostoncollege
1728efj,umass,toledo
1728egl,brown,rhodeisland
1728ehl,liu,sacredheart
17292tp,columbia,marist
1729qfc,ccsu,delawarestate
1729qgg,morganstate,stonybrook
1729qh9,merrimack,stonehill
1729qi6,bucknell,holycross
1729qj0,pennsylvania,georgetown
1729qjy,princeton,lafayette
1729ql1,fordham,lehigh
1729qm9,moreheadstate,dayton
1729qn9,presbyterian,stetson
1729qoc,stthomasmn,butler
172af7b,dartmouth,yale
172af8b,wofford,samford
172b4cp,ncstate,marshall
172b4dd,temple,utsa
172b4ee,buffalo,centralmichigan
172b4f5,elon,nccu
172b4g3,southcarolinastate,virginialynchburg-sheet4-row31-col19
172b4gy,hampton,campbell
172b4i0,northdakota,westernillinois
172b4iu,drake,valparaiso
172b4jy,lindenwood,tennesseetech
172b4ku,furman,citadel
172cjmf,ucla,washingtonstate
172cjnk,northwestern,howard
172cjoh,delaware,duquesne
172cjpg,missouristate,northdakotastate
172cjq6,southdakota,murraystate
172cjqw,easternillinois,utmartin
172cjru,kennesawstate,tennesseestate
172co9l,alabamastate,bethunecookman
172das0,texasam,alabama
172dat6,floridastate,virginiatech
172dau9,clemson,wakeforest
172dave,northcarolina,syracuse
172dawp,iowa,purdue
172daxq,louisiana,texasstate
172dayu,navy,northtexas
172dazt,easternmichigan,ballstate
172db10,miamioh,bowlinggreen
172db2f,ohio,kentstate
172db38,akron,northernillinois
172db4b,easttennesseestate,mercer
172db5g,alcornstate,grambling
172db6h,richmond,maine
172e0ey,florida,vanderbilt
172e0g2,kansas,ucf
172e0gu,uab,usf
172e0hx,troy,arkansasstate
172e0iz,nicholls,houstonbaptist
172e0kh,lamar,northwesternstate
172e0lo,northcarolinaat,villanova
172e0mi,towson,albany
172e0nn,chattanooga,westerncarolina
172e0op,jacksonstate,alabamaam
172e0pn,gardnerwebb,robertmorris
172fd3m,rice,connecticut
172fd4r,centralarkansas,southeastmissouri
172fd5y,incarnateword,southeasternlouisiana
172gqlk,fau,tulsa
172gqmp,youngstownstate,southernillinois
172hgqo,arizonastate,colorado
172i5sr,georgia,kentucky
172i5tl,ulm,southalabama
172i5uj,southernmiss,olddominion
172i5vh,illinoisstate,southdakotastate
172i5wp,southern,floridaam
172i5y1,prairieviewam,mvsu
172i5z2,tarletonstate,southernutah
172i60a,ucdavis,montana
172i61a,indianastate,northerniowa
172iula,minnesota,michigan
172ium0,olemiss,arkansas
172j2qi,louisville,notredame
172jjma,iowastate,tcu
172jjmy,miami,georgiatech
172jjnt,baylor,texastech
172jjof,wyoming,fresnostate
172jjpe,utahstate,coloradostate
172jjq9,boisestate,sanjosestate
172jjqy,calpoly,idaho
172jjrs,weberstate,northernarizona
172jjsz,texasamcommerce,mcneese
172ku6p,utahtech,stephenfaustin
172m36n,california,oregonstate
172mpmi,usc,arizona
174xgbs,middletennessee,louisianatech
174y5yp,jacksonvillestate,liberty
174y5zp,appalachianstate,coastalcarolina
175qxwr,fiu,utep
175sxem,newmexicostate,samhoustonstate
176it07,houston,westvirginia
176it10,stfrancis,wagner
176jikm,ecu,smu
1779yhc,memphis,tulane
177b9md,utahstate,fresnostate
177dn6h,colorado,stanford
177rgmq,vanderbilt,georgia
177rgng,michigan,indiana
177rgo9,purdue,ohiostate
177rgpb,alabama,arkansas
177rgq6,floridastate,syracuse
177rgr5,cincinnati,iowastate
177rgs4,northtexas,temple
177rgt0,jamesmadison,georgiasouthern
177rgtp,easternmichigan,kentstate
177rgum,rutgers,michiganstate
177rgvc,duquesne,ccsu
177rgwc,yale,sacredheart
177rgxa,lehigh,georgetown
177rgy4,brown,princeton
177rgyx,marist,sandiego
177spqx,harvard,howard
177sps6,maine,liu
177spt3,cornell,bucknell
177spuc,colgate,dartmouth
177spvh,colgate,dartmouth
177spy6,colgate,dartmouth
177spzd,butler,davidson
177sq0a,villanova,elon
177sq1a,monmouth,hampton
177sq2h,dayton,presbyterian
177sq37,drake,stthomasmn
177sq49,newhampshire,albany
177sq58,rhodeisland,richmond
177sq61,samford,furman
177sq74,citadel,vmi
177tc6u,southcarolinastate,tennesseetech
177tc7n,columbia,pennsylvania
177tyer,charlotte,navy
177tyfl,ballstate,toledo
177tygm,austinpeay,gardnerwebb
177tyhd,northdakota,northdakotastate
177tyig,southdakota,youngstownstate
177tyjl,valparaiso,moreheadstate
177v73j,utah,california
177v744,illinoisstate,indianastate
177v757,grambling,alabamaam
177v766,jacksonstate,alabamastate
177v76y,mvsu,uapb
177v781,bethunecookman,texassouthern
177v797,easternkentucky,tarletonstate
177v7a7,northerncolorado,sacramentostate
177v7b7,delaware,northcarolinaat
177v7bw,murraystate,southernillinois
177v7cs,southdakotastate,northerniowa
177v7dh,southeastmissouri,easternillinois
177vtsq,washington,oregon
177vttq,tennessee,texasam
177vtun,tcu,byu
177vtvk,maryland,illinois
177vtws,southcarolina,florida
177vtxr,virginiatech,wakeforest
177vtyr,oklahomastate,kansas
177vtzp,usf,fau
177vu0p,pennstate,umass
177vu1l,army,troy
177vu2i,centralmichigan,akron
177vu38,buffalo,bowlinggreen
177vu3y,westernmichigan,miamioh
177vu4w,easttennesseestate,wofford
177vu5i,stonybrook,fordham
177wgao,wisconsin,iowa
177wgbj,northernillinois,ohio
177wgcl,abilenechristian,northalabama
177wgdp,northernarizona,portlandstate
177wget,westernillinois,missouristate
177wgft,southeasternlouisiana,lamar
177wggm,bryant,robertmorris
177wghp,charlestonsouthern,lindenwood
177wgik,mercer,chattanooga
177xpc9,nevada,unlv
177xpd3,southern,lincolnca-sheet4-row31-col12
177xpe4,centralarkansas,stephenfaustin
177xpf2,incarnateword,texasamcommerce
177yy9a,newmexico,sanjosestate
177yya8,tennesseestate,norfolkstate
177yyb2,idahostate,easternwashington
177zlfy,pittsburgh,louisville
17807o5,lsu,auburn
17807ox,texastech,kansasstate
17807q1,washingtonstate,arizona
17807r0,georgiastate,marshall
17807ru,texasstate,ulm
17807sp,airforce,wyoming
17807tm,houstonbaptist,prairieviewam
1780tc3,northcarolina,miami
1780td1,kentucky,missouri
1780tdz,notredame,usc
1781eub,oregonstate,ucla
1781ev6,duke,ncstate
1781evz,utsa,uab
1781eww,montanastate,calpoly
1781exw,weberstate,ucdavis
1783iuf,coloradostate,boisestate
1784dig,idaho,montana
1784xhr,hawaii,sandiegostate
17aa03z,liberty,middletennessee
17aap41,jacksonvillestate,wku
17aap54,southalabama,southernmiss
17b2mwh,samhoustonstate,fiu
17b5b0w,utep,newmexicostate
17buxwg,tulsa,rice
17buxxm,marshall,jamesmadison
17bvmny,morganstate,nccu
17bwa0x,northwesternstate,southeasternlouisiana
17cmpt5,temple,smu
17d4h6j,ohiostate,pennstate
17d4h7c,oklahoma,ucf
17d4h8p,arkansas,mississippistate
17d4h9u,georgiatech,bostoncollege
17d4hay,cincinnati,baylor
17d4hc1,uab,memphis
17d4hd4,ohio,westernmichigan
17d4he4,indiana,rutgers
17d4hf5,navy,airforce
17d4hfs,delawarestate,southcarolinastate
17d4hgt,wagner,ccsu
17d4hi2,liu,merrimack
17d4hjb,yale,pennsylvania
17d4hk4,howard,norfolkstate
17d5ry0,duquesne,stfrancis
17d5rzp,stonehill,sacredheart
17d5s0g,bucknell,lehigh
17d5s1d,holycross,lafayette
17d5s2e,cornell,brown
17d5s3g,indianastate,southdakota
17d5s4e,princeton,harvard
17d5s5f,davidson,valparaiso
17d5s6f,dayton,butler
17d5s7b,presbyterian,marist
17d5s8h,northcarolinaat,richmond
17d5s9r,stetson,stthomasmn
17d5sau,chattanooga,easttennesseestate
17d6gi8,vmi,samford
17d6gj2,dartmouth,columbia
17d73op,ecu,charlotte
17d73pe,bowlinggreen,akron
17d73qh,georgiasouthern,ulm
17d73rn,youngstownstate,illinoisstate
17d73st,hampton,delaware
17d73tp,elon,monmouth
17d7rh8,tennesseetech,southeastmissouri
17d7ria,westerncarolina,furman
17d8esf,georgetown,colgate
17d8et2,uapb,alcornstate
17d8etv,missouristate,murraystate
17d8euw,easternillinois,bryant
17d8evr,southernillinois,southdakotastate
17d8ewr,utmartin,charlestonsouthern
17d8ext,tennesseestate,lincolnca-sheet4-row31-col12
17d8eyl,mvsu,jacksonstate
17d92g6,alabama,tennessee
17d92h6,oregon,washingtonstate
17d92hx,illinois,wisconsin
17d92it,tulane,northtexas
17d92jq,iowa,minnesota
17d92kt,missouri,southcarolina
17d92lf,nebraska,northwestern
17d92ml,wakeforest,pittsburgh
17d92n2,westvirginia,oklahomastate
17d92nv,northernillinois,easternmichigan
17d92or,connecticut,usf
17d92pl,ballstate,centralmichigan
17d92qt,kentstate,buffalo
17d92rq,northdakotastate,westernillinois
17d92sm,stonybrook,newhampshire
17d92tl,albany,rhodeisland
17d92um,williammary,towson
17d9q9a,houston,texas
17d9q9y,miamioh,toledo
17d9qb3,southern,bethunecookman
17d9qce,portlandstate,idahostate
17d9qdd,campbell,maine
17d9qep,mercer,wofford
17dadx7,texasamcommerce,nicholls
17db0ic,northerniowa,northdakota
17db0j4,sandiego,drake
17db0k0,stephenfaustin,abilenechristian
17dcalp,fau,utsa
17dcamq,newmexico,hawaii
17dcanv,gardnerwebb,easternkentucky
17dcyzd,northcarolina,virginia
17ddn1z,kansasstate,tcu
17ddn2x,auburn,olemiss
17ddn47,byu,texastech
17ddn58,olddominion,appalachianstate
17ddn63,arkansasstate,coastalcarolina
17ddn6y,unlv,coloradostate
17ddn7y,sanjosestate,utahstate
17ddn8t,northalabama,utahtech
17ddn9i,tarletonstate,moreheadstate
17ddnal,easternwashington,weberstate
17debjw,michiganstate,michigan
17debkt,lsu,army
17debm7,floridastate,duke
17deytd,usc,utah
17deyud,miami,clemson
17deyv5,louisiana,georgiastate
17deyw0,texassouthern,floridaam
17deywy,southernutah,austinpeay
17deyxy,calpoly,northerncolorado
17deyyo,mcneese,incarnateword
17dg6vg,sandiegostate,nevada
17dhxtg,washington,arizonastate
17dhxu8,stanford,ucla
17dhxut,sacramentostate,montanastate
17fopdj,louisianatech,newmexicostate
17fpfja,wku,liberty
17ggeph,fiu,jacksonvillestate
17ght9z,samhoustonstate,utep
17h7wus,ccsu,liu
17h8let,virginiatech,syracuse
17h8lg3,georgiasouthern,georgiastate
17h8lh6,nccu,southcarolinastate
17hypo3,pennsylvania,brown
17hzcvj,charlotte,fau
17ifk35,pennstate,indiana
17ifk42,wakeforest,floridastate
17ifk57,kansasstate,houston
17ifk69,kansas,oklahoma
17ifk70,texasam,southcarolina
17ifk85,bostoncollege,connecticut
17ifk98,northwestern,maryland
17ifka3,ucf,westvirginia
17ifkb0,smu,tulsa
17ifkbo,army,umass
17ifkcm,delawarestate,howard
17ifkda,sacredheart,duquesne
17ifkdv,wagner,stonehill
17ifket,robertmorris,tennesseetech
17ifkfz,yale,columbia
17ig6df,georgetown,lafayette
17igsp1,easternmichigan,westernmichigan
17igspy,stfrancis,merrimack
17igsr2,colgate,bucknell
17igsrw,fordham,holycross
17igst1,illinoisstate,northerniowa
17igstv,cornell,princeton
17igsut,butler,valparaiso
17igsvo,maine,albany
17igswj,williammary,monmouth
17igsxq,drake,stetson
17igsyp,rhodeisland,newhampshire
17igszn,towson,delaware
17ihf4g,gardnerwebb,utmartin
17ihf59,vmi,chattanooga
17ii1dl,ncstate,clemson
17ii1ea,norfolkstate,morganstate
17ii1f3,northdakota,indianastate
17ii1fz,youngstownstate,missouristate
17ii1h6,hampton,northcarolinaat
17ii1i6,southdakota,southdakotastate
17ii1iw,stthomasmn,marist
17ii1jw,villanova,stonybrook
17ii1kp,furman,easttennesseestate
17iindi,westerncarolina,mercer
17ij9q5,northtexas,memphis
17ij9qy,alcornstate,mvsu
17ij9rs,uapb,jacksonstate
17ij9st,grambling,bethunecookman
17ij9td,southernutah,abilenechristian
17ij9ua,montana,northerncolorado
17ij9v3,houstonbaptist,texasamcommerce
17ij9w2,tennesseestate,lindenwood
17ij9wz,nicholls,southeastmissouri
17ij9xn,kennesawstate,lincolnca-sheet4-row31-col12
17ij9yr,samford,citadel
17ijvxl,texas,byu
17ijvyn,utah,oregon
17ijvzj,auburn,mississippistate
17ijw0l,minnesota,michiganstate
17ijw1m,nebraska,purdue
17ijw2k,louisville,duke
17ijw3d,miami,virginia
17ijw4c,baylor,iowastate
17ijw56,utsa,ecu
17ijw60,appalachianstate,southernmiss
17ijw6q,ohio,miamioh
17ijw7o,georgia,florida
17ijw8e,notredame,pittsburgh
17ijw99,alabamaam,alabamastate
17ijwa5,richmond,campbell
17ijwb3,northdakotastate,murraystate
17ikiis,california,usc
17ikiji,rice,tulane
17ikikc,floridaam,prairieviewam
17ikim0,austinpeay,northalabama
17ikimv,portlandstate,easternwashington
17ikinw,idaho,montanastate
17ikiok,northernarizona,ucdavis
17ikiph,harvard,dartmouth
17ikiqb,lamar,incarnateword
17ikir8,charlestonsouthern,bryant
17ikis4,westernillinois,southernillinois
17ilqwt,ulm,arkansasstate
17ilqxs,southalabama,louisiana
17ilqyl,southern,texassouthern
17ilqz6,centralarkansas,tarletonstate
17ilr07,sandiego,moreheadstate
17imd5u,boisestate,wyoming
17imz33,coastalcarolina,marshall
17io8wv,stanford,washington
17io8xk,kentucky,tennessee
17io8yc,texasstate,troy
17io8z9,coloradostate,airforce
17io907,davidson,presbyterian
17iov6h,wisconsin,ohiostate
17iov7g,olemiss,vanderbilt
17iov84,ucla,colorado
17ipgie,georgiatech,northcarolina
17ipgje,arizonastate,washingtonstate
17ipgk7,oklahomastate,cincinnati
17ipgkr,jamesmadison,olddominion
17ipgli,utahtech,easternkentucky
17iqmne,sacramentostate,idahostate
17is9rl,arizona,oregonstate
17is9sa,fresnostate,unlv
17is9t3,nevada,newmexico
17itujd,hawaii,sanjosestate
17kwmhu,centralmichigan,northernillinois
17kxa3e,toledo,buffalo
17lnigv,bowlinggreen,ballstate
17lo7ci,akron,kentstate
17mf1p1,texastech,tcu
17mfqg7,duke,wakeforest
17mfqgv,troy,southalabama
17mfqhj,bethunecookman,mvsu
17n6a9i,dartmouth,princeton
17n6xre,syracuse,bostoncollege
17n7lgx,wyoming,coloradostate
17nng42,rutgers,ohiostate
17nng54,clemson,notredame
17nng69,texas,kansasstate
17nng7e,tennessee,connecticut
17nng89,indiana,wisconsin
17nng8z,northcarolina,campbell
17nng9r,olemiss,texasam
17nngaq,florida,arkansas
17nngbp,michiganstate,nebraska
17nngcm,southcarolina,jacksonvillestate
17nngdn,sacredheart,ccsu
17nngem,wagner,duquesne
17nngfk,stfrancis,liu
17nnggi,lehigh,holycross
17nnghh,brown,yale
17nngif,marist,drake
17nngix,presbyterian,sandiego
17no35a,lafayette,colgate
17no361,columbia,harvard
17nopze,samhoustonstate,kennesawstate
17noq0g,morganstate,delawarestate
17noq1b,fordham,bucknell
17noq2g,indianastate,youngstownstate
17noq3g,delaware,elon
17noq4b,pennsylvania,cornell
17noq54,stetson,davidson
17noq68,maine,hampton
17noq74,bryant,gardnerwebb
17noq87,monmouth,stonybrook
17noq93,newhampshire,villanova
17noqb4,northcarolinaat,towson
17noqc4,easttennesseestate,vmi
17noqd1,albany,williammary
17npddy,chattanooga,furman
17nq022,utah,arizonastate
17nq02q,virginia,georgiatech
17nq03m,temple,navy
17nq04n,alabamaam,floridaam
17nq05h,murraystate,northdakota
17nq06c,southernillinois,southdakota
17nq07d,valparaiso,dayton
17nq084,southeastmissouri,robertmorris
17nq08q,moreheadstate,butler
17nq09h,citadel,mercer
17nq0af,northerniowa,westernillinois
17nqmtv,army,airforce
17nqmuv,tennesseetech,utmartin
17nr8vn,uab,fau
17nr8wg,northtexas,utsa
17nr8xe,memphis,usf
17nr8y4,arkansasstate,louisiana
17nr8z2,missouristate,illinoisstate
17nr8zx,alcornstate,southern
17nr90w,prairieviewam,uapb
17nr91q,jacksonstate,texassouthern
17nr92k,southernutah,lincolnca-sheet4-row31-col12
17nr93s,abilenechristian,utahtech
17nr94s,northerncolorado,idaho
17nr95h,southdakotastate,northdakotastate
17nr96g,lindenwood,easternillinois
17nr97d,wofford,westerncarolina
17nr98a,montanastate,northernarizona
17nrxeu,georgia,missouri
17nrxfm,maryland,pennstate
17nrxge,pittsburgh,floridastate
17nrxh5,oklahomastate,oklahoma
17nrxi8,ecu,tulane
17nrxjh,iowa,northwestern
17nrxkd,minnesota,illinois
17nrxle,louisville,virginiatech
17nrxm9,baylor,houston
17nrxn9,cincinnati,ucf
17nrxny,georgiastate,jamesmadison
17nrxoz,olddominion,coastalcarolina
17nrxpu,umass,merrimack
17nrxql,southcarolinastate,howard
17nrxrp,nccu,norfolkstate
17nslys,vanderbilt,auburn
17nslzs,tulsa,charlotte
17nsm0r,southernmiss,ulm
17nsm1s,nevada,hawaii
17nsm2l,easternwashington,calpoly
17nsm3j,lamar,texasamcommerce
17nsm4j,southeasternlouisiana,mcneese
17nsm5f,charlestonsouthern,tennesseestate
17nsm6a,incarnateword,nicholls
17ntzx2,texasstate,georgiasouthern
17ntzy3,grambling,alabamastate
17ntzz3,easternkentucky,austinpeay
17nu006,northalabama,centralarkansas
17nuooq,oregon,california
17nvcts,appalachianstate,marshall
17nvcup,liberty,louisianatech
17nvcvq,newmexicostate,middletennessee
17nvcwn,newmexico,unlv
17nvcxj,idahostate,weberstate
17nwqf4,iowastate,kansas
17nwqg2,westvirginia,byu
17nwqgm,sandiegostate,utahstate
17nwqhc,tarletonstate,stephenfaustin
17nwqi1,ucdavis,portlandstate
17nxe0b,michigan,purdue
17nxe14,usc,washington
17nxe1v,mississippistate,kentucky
17nxe2l,rice,smu
17nxpm2,alabama,lsu
17ny0o9,ncstate,miami
17ny0pa,montana,sacramentostate
17nz9ns,washingtonstate,stanford
17nz9or,utep,wku
17o0i1u,colorado,oregonstate
17o0i2t,fresnostate,boisestate
17o13pm,arizona,ucla
17q76qe,northernillinois,ballstate
17q76rc,westernmichigan,centralmichigan
17q7usj,buffalo,ohio
17qybo5,miamioh,akron
17qybp4,kentstate,bowlinggreen
17qz0dr,toledo,easternmichigan
17rqa42,louisville,virginia
17rqa4q,louisiana,southernmiss
17sivcg,smu,northtexas
17sivd4,uapb,grambling
17sky6f,unlv,wyoming
17sxe7s,kentucky,alabama
17sxe8a,clemson,georgiatech
17sxe8q,tulane,tulsa
17sxe9k,illinois,indiana
17sxeaj,nebraska,maryland
17sxebn,southcarolina,vanderbilt
17sxecm,bostoncollege,virginiatech
17sxedg,kansas,texastech
17sxeeh,usf,temple
17sxef4,pennstate,michigan
17sxefw,army,holycross
17sxegs,princeton,yale
17sxehd,delawarestate,norfolkstate
17sxei8,merrimack,ccsu
17sxej5,duquesne,stonehill
17sxek2,liu,wagner
17sxeky,illinoisstate,murraystate
17sxelu,youngstownstate,southdakotastate
17sxemv,robertmorris,charlestonsouthern
17sxenh,monmouth,newhampshire
17sxeo8,southcarolinastate,morganstate
17sy0ez,lafayette,fordham
17sy0fq,columbia,brown
17symjt,liberty,olddominion
17symkz,bucknell,georgetown
17symlt,colgate,lehigh
17symmm,bethunecookman,alabamaam
17symnj,indianastate,westernillinois
17symod,campbell,delaware
17symp9,harvard,pennsylvania
17symq6,southdakota,northdakota
17symqw,moreheadstate,davidson
17symry,hampton,williammary
17symss,easternillinois,tennesseestate
17symtk,dayton,marist
17symu9,rhodeisland,northcarolinaat
17symv6,valparaiso,stetson
17symw7,stonybrook,albany
17symx3,villanova,towson
17symxz,westerncarolina,easttennesseestate
17sz925,furman,vmi
17sz92u,dartmouth,cornell
17szvbz,jamesmadison,connecticut
17szvco,colorado,arizona
17szvdd,wakeforest,ncstate
17szve8,charlotte,memphis
17szvex,georgiastate,appalachianstate
17szvfj,ulm,troy
17szvga,austinpeay,utahtech
17szvh0,richmond,elon
17szvi7,lindenwood,bryant
17szvjg,drake,presbyterian
17szvkh,citadel,wofford
17t0i24,tennesseetech,gardnerwebb
17t1580,kansasstate,baylor
17t158q,louisianatech,samhoustonstate
17t159f,utahstate,nevada
17t15ad,mvsu,alabamastate
17t15b6,southern,prairieviewam
17t15c1,abilenechristian,tarletonstate
17t15cw,montanastate,easternwashington
17t15e7,weberstate,idaho
17t15f0,northernarizona,northerncolorado
17t15fn,missouristate,northerniowa
17t15gb,utmartin,southeastmissouri
17t15h0,kennesawstate,virginialynchburg-sheet4-row31-col19
17t15hu,mercer,samford
17t1stj,floridastate,miami
17t1su5,washington,utah
17t1sut,missouri,tennessee
17t1svr,wisconsin,northwestern
17t1swl,iowa,rutgers
17t1sx6,purdue,minnesota
17t1sxw,ucf,oklahomastate
17t1syr,coastalcarolina,texasstate
17t1szo,middletennessee,fiu
17t1t0i,wku,newmexicostate
17t1t1e,pittsburgh,syracuse
17t1t2e,navy,uab
17t1t3a,howard,nccu
17t1t40,northdakotastate,southernillinois
17t2g92,arkansas,auburn
17t2g9p,california,washingtonstate
17t2gax,fau,ecu
17t2gby,nicholls,lamar
17t2gcx,sandiego,stthomasmn
17t33sx,texasamcommerce,southeasternlouisiana
17t3qra,southalabama,arkansasstate
17t3qs6,centralarkansas,easternkentucky
17t3qsy,stephenfaustin,southernutah
17t3qtx,sacramentostate,calpoly
17t4f9d,oregonstate,stanford
17t53u7,idahostate,ucdavis
17t6f87,georgia,olemiss
17t6f94,oklahoma,westvirginia
17t6f9t,houston,cincinnati
17t6fak,marshall,georgiasouthern
17t6fba,coloradostate,sandiegostate
17t727w,lsu,florida
17t728s,tcu,texas
17t729f,texasam,mississippistate
17t72ad,utsa,rice
17t72b9,ohiostate,michiganstate
17t7o6c,northcarolina,duke
17t7o76,mcneese,houstonbaptist
17t8utf,ucla,arizonastate
17t8uu9,portlandstate,montana
17t9yq9,boisestate,newmexico
17ta8ra,byu,iowastate
17taiot,oregon,usc
17taipb,sanjosestate,fresnostate
17tb1tm,hawaii,airforce
17tb1ub,floridaam,lincolnca-sheet4-row31-col12
17tqyse,texassouthern,alcornstate
17vggfb,bowlinggreen,toledo
17vglrk,northernillinois,westernmichigan
17vgozo,easternmichigan,akron
17vgviq,bowlinggreen,toledo
17vgvjd,northernillinois,westernmichigan
17vgvk0,easternmichigan,akron
17w6n42,ohio,centralmichigan
17w6n4w,miamioh,buffalo
17x05nn,pittsburgh,bostoncollege
17x05oe,southeasternlouisiana,nicholls
17x05pb,alabamaam,mvsu
17xuccr,utsa,usf
17xw6oo,washingtonstate,colorado
17y9i5h,maryland,michigan
17y9i6c,pennstate,rutgers
17y9i7m,byu,oklahoma
17y9i8q,olemiss,ulm
17y9i9i,fau,tulane
17y9iab,indiana,michiganstate
17y9ib0,northwestern,purdue
17y9ic0,miami,louisville
17y9icz,memphis,smu
17y9ie0,alabama,chattanooga
17y9iev,texasam,abilenechristian
17y9ifp,army,coastalcarolina
17y9igv,mississippistate,southernmiss
17y9ihw,connecticut,sacredheart
17y9iiu,navy,ecu
17y9ijt,ccsu,stfrancis
17y9ikr,merrimack,duquesne
17y9ill,wagner,post-sheet2-row17-col02
17y9imj,marist,bucknell
17y9ini,holycross,georgetown
17y9io8,lehigh,lafayette
17y9ioy,brown,dartmouth
17y9ipw,yale,harvard
17y9iql,robertmorris,easternillinois
17y9ir8,butler,drake
17y9is1,stetson,sandiego
17y9ist,wofford,furman
17y9itj,vmi,westerncarolina
17yaqvw,liberty,umass
17yaqwr,howard,morganstate
17yaqy7,stonehill,liu
17yaqz7,northcarolinaat,campbell
17yar09,delaware,villanova
17yar14,cornell,columbia
17yar28,elon,hampton
17yar32,bryant,southeastmissouri
17yar3w,gardnerwebb,charlestonsouthern
17yar4v,newhampshire,maine
17yar69,albany,monmouth
17yar73,samford,utmartin
17yar7y,presbyterian,moreheadstate
17yar8p,towson,rhodeisland
17yar9q,williammary,richmond
17yarao,easttennesseestate,citadel
17yarbl,colgate,fordham
17yarch,pennsylvania,princeton
17yc1dh,charlotte,rice
17yc1eh,jamesmadison,appalachianstate
17yc1fb,ballstate,kentstate
17yc1gn,jacksonvillestate,louisianatech
17yc1ho,middletennessee,utep
17yc1iq,wyoming,hawaii
17yc1js,nccu,delawarestate
17yc1kr,norfolkstate,southcarolinastate
17yc1lv,northdakota,illinoisstate
17yc1mj,austinpeay,centralarkansas
17yc1ns,easternkentucky,stephenfaustin
17yc1oi,montana,montanastate
17yc1pc,northerncolorado,portlandstate
17yc1qs,southernillinois,indianastate
17yc1rs,murraystate,youngstownstate
17yc1sn,westernillinois,southdakota
17yc1to,stthomasmn,valparaiso
17ycosh,arizona,utah
17ycot5,westvirginia,cincinnati
17ydbvx,virginia,duke
17ydbwh,tulsa,northtexas
17ydbxx,uab,temple
17ydbys,arkansasstate,texasstate
17ydbzr,coloradostate,nevada
17ydc0q,prairieviewam,alabamastate
17ydc1l,jacksonstate,alcornstate
17ydc2h,texassouthern,uapb
17ydc3a,southdakotastate,missouristate
17ydc3z,houstonbaptist,incarnateword
17ydc4v,tennesseestate,tennesseetech
17ydc5p,ucdavis,sacramentostate
17ydyp4,tennessee,georgia
17ydyqe,usc,ucla
17ydyrl,clemson,northcarolina
17ydysw,tcu,baylor
17ydytm,iowa,illinois
17ydyum,virginiatech,ncstate
17ydyvc,notredame,wakeforest
17ydyw6,wku,samhoustonstate
17ydywy,troy,louisiana
17ydyxv,airforce,unlv
17ydyyr,bethunecookman,floridaam
17yelku,ohiostate,minnesota
17yellt,arizonastate,oregon
17yelmp,auburn,newmexicostate
17yelo1,houston,oklahomastate
17yeloy,easternwashington,northernarizona
17yelpv,lamar,mcneese
17yfvzc,texastech,ucf
17yfw0o,southalabama,marshall
17yfw24,northerniowa,northdakotastate
17yh8up,georgiasouthern,olddominion
17yhx27,floridastate,northalabama
17yhx30,stanford,california
17yik8g,kansas,kansasstate
17yik9a,utahstate,boisestate
17yikaj,idaho,idahostate
17yikbm,davidson,dayton
17yikcn,utahtech,southernutah
17yj88b,oregonstate,washington
17yj89b,wisconsin,nebraska
17yj8ad,arkansas,fiu
17yj8bq,missouri,florida
17yj8d1,southcarolina,kentucky
17yjuux,lsu,georgiastate
17yjuvx,iowastate,texas
17yjuwx,georgiatech,syracuse
17yjuxs,calpoly,weberstate
17ymude,fresnostate,newmexico
17ymue0,sanjosestate,sandiegostate
180u6yz,westernmichigan,bowlinggreen
180uvjp,buffalo,easternmichigan
181stgv,ucla,california
1828bpk,alabamastate,tuskegee-sheet2-row15-col13
182dy2u,mississippistate,olemiss
182v9tz,oklahoma,tcu
182v9ux,nebraska,iowa
182v9w0,bostoncollege,miami
182v9x5,centralmichigan,toledo
182v9y8,akron,ohio
182v9zi,temple,memphis
182zyog,newmexico,utahstate
182zyp8,tulane,utsa
1830ml4,arkansas,missouri
1830mm3,boisestate,airforce
1835er3,michiganstate,pennstate
1835err,texas,texastech
1836rhr,oregon,oregonstate
183mt2e,lsu,texasam
183mt36,louisville,kentucky
183mt3z,purdue,indiana
183mt4q,umass,connecticut
183mt5l,duke,pittsburgh
183mt6f,ucf,houston
183mt72,smu,navy
183mt7x,southernmiss,troy
183mt9a,kentstate,northernillinois
183mta0,ballstate,miamioh
183mtar,michigan,ohiostate
183mtbo,samhoustonstate,middletennessee
183o454,rice,fau
183o467,northdakota,sacramentostate
183pg4v,syracuse,wakeforest
183pg60,ecu,tulsa
183pg6n,northtexas,uab
183pg7c,olddominion,georgiastate
183pg8a,southern,grambling
183pg96,richmond,nccu
183qs29,utah,colorado
183qs35,louisiana,ulm
183qs3x,fiu,wku
183qs4u,unlv,sanjosestate
183qs67,mercer,gardnerwebb
183qs7x,austinpeay,chattanooga
183rfxa,auburn,alabama
183rfxy,tennessee,vanderbilt
183rfyl,minnesota,wisconsin
183rfzm,illinois,northwestern
183rg0p,rutgers,maryland
183rg1p,arizonastate,arizona
183rg2e,virginia,virginiatech
183rg34,oklahomastate,byu
183rg3o,appalachianstate,georgiasouthern
183rg4g,coastalcarolina,jamesmadison
183rg57,marshall,arkansasstate
183rg5t,utep,liberty
183rg83,northdakotastate,drake
183rjyg,delaware,lafayette
183rjzd,southernillinois,nicholls
183s3df,washington,washingtonstate
183s3e1,newmexicostate,jacksonvillestate
183tdt7,youngstownstate,duquesne
183w2c9,florida,floridastate
183w2cz,stanford,notredame
183w2du,baylor,westvirginia
183w2em,texasstate,southalabama
183wpji,georgiatech,georgia
183wpk5,southcarolina,clemson
183wpl4,cincinnati,kansas
183wplu,usf,charlotte
183xb4n,kansasstate,iowastate
183xb5l,ncstate,northcarolina
183yjq9,nevada,wyoming
1840c06,ucla,california
1840c0t,sandiegostate,fresnostate
1840wmp,hawaii,coloradostate
188p109,liberty,newmexicostate
188qbu2,rcfb-sheetl-row02-col01,rcfb-sheetl-row02-col01
188qre7,oregon,washington
1896p8u,oklahomastate,texas
1896p9o,miamioh,toledo
1896pat,albany,richmond
1896pbe,villanova,youngstownstate
1897xwc,furman,chattanooga
189980b,southdakota,sacramentostate
1899819,southdakotastate,mercer
189ahqr,unlv,boisestate
189ahrm,montanastate,northdakotastate
189brev,tulane,smu
189brft,georgia,alabama
189brgn,troy,appalachianstate
189brhd,floridaam,prairieviewam
189go15,michigan,iowa
189go22,louisville,floridastate
189hszf,montana,delaware
189iwi1,idaho,southernillinois
18e1mbp,montana,furman
18egk86,southdakotastate,villanova
18ejrk4,southdakota,northdakotastate
18ekefp,army,navy
18esxau,idaho,albany
18huu2a,fortvalleystate-sheet2-row15-col07,johnsoncsmith-sheet2-row02-col05
18hv5od,eastmississippicc-sheet4-row21-col04,iowawesterncc-sheet4-row18-col03
18jct8d,southdakotastate,albany
18jct8w,sunycortland-sheet3-row08-col03,northcentral-sheet3-row04-col07
18jsz2a,georgiasouthern,ohio
18ju69y,howard,floridaam
18jvfic,harding-sheet2-row05-col04,coloradomines-sheet2-row14-col05
18jx250,jacksonvillestate,louisiana
18jymxi,miamioh,appalachianstate
18jzwex,montana,northdakotastate
18k1g6k,newmexicostate,fresnostate
18k3m27,ucla,boisestate
18k5ozz,california,texastech
18k7ps1,hosei-sheet6-row03-col07,kwanseigakuin-sheet6-row02-col07
18lc4ja,keiser-sheet4-row11-col03,northwesternia-sheet4-row04-col11
18lfr8y,wku,olddominion
18mhqd2,utsa,marshall
18o18dg,usf,syracuse
18ogu2m,acc,floridastate
18oqq8u,georgiatech,ucf
18p8nn2,troy,duke
18p8no7,arkansasstate,northernillinois
18pd1qz,jamesmadison,airforce
18pd1rv,georgiastate,utahstate
18phd1s,southalabama,easternmichigan
18phz33,utah,northwestern
18pldyo,coastalcarolina,sanjosestate
18rdyqw,bowlinggreen,minnesota
18risi1,texasstate,rice
18rnjff,kansas,unlv
18s6r9q,virginiatech,tulane
18sbres,northcarolina,westvirginia
18sfbqf,louisville,usc
18sgq11,texasam,oklahomastate
18svukf,smu,bostoncollege
18t0ien,rutgers,miami
18t5hhy,ncstate,kansasstate
18taa8w,arizona,oklahoma
18tqd3a,clemson,kentucky
18tt4l2,oregonstate,notredame
18tv7yy,memphis,iowastate
18u1f6v,missouri,ohiostate
18uiqbe,olemiss,pennstate
18ulfw9,auburn,maryland
18uo86j,georgia,floridastate
18uoxb5,toledo,wyoming
18vzm3k,wisconsin,lsu
18w0xpg,iowa,tennessee
18w0xqp,liberty,oregon
18w6kt1,alabama,michigan
18wbuu4,texas,washington
190y1iq,montana,southdakotastate
191zla4,washington,michigan
